,0
0,never know another concern is that it farmed salmon or gmo farmed frankenfish
1,you know youve said something important when the trolls come out to play the playbook is they can remorselessly criticise conventional breeding but dare criticise gm amp out they come in force they want every tool in the toolbox as long as all tools are gmo
2,this ge tree is designed to spread and contaminate remaining wild american chestnuts threatening their very existenceprotect natural forests from gmo chestnut trees
3,gmo an instruction to nabii by the usa state to serve the ruling bourgeoisie class interests if a super rich individual is not part of scam it does exculpate his social class african agriculture/ peasant faces serious threat from imperialism
4,africa billgates wef gmo adl kenya southafrica morocco food tech goldreview kilimo mali
5,is gmo safe highly debated topic but this article by dr sylvia sheds an interesting perspective to gmo let me know what you think but only after reading
6,the biggest change was gmo genetically modified organisms whose genetic material has been altered using genetic engineering is poison slated as a global need as a production of food for starving humans it no different from man made covid or the poison vaccine  donotfear
7,5 everyday food chemicals that could be making you fat
8,scientists farmers amp vets saynew study shows evidence ofdigestive tract harm 2 animals fed gmo feed
9,gmo agriculture has led to superweeds and super pests that are extraordinarily difficult for farmers to manage this makes the farmer turn to more older and potent chemicals in order to control the pests and weedskataagmo
10,law to reduce use of beekilling pesticides upheld in court
11,immediately felt calmness over me once streaming reiki started the gig everytime i book this gig i feel renewed medusamarsha literallyhitler nikkihaley gundamseedhd agriculture gmo digitalagriculture farmers
12,the enga newsletter is out with all the latest on nongmo international summit 2023  website live new eu deforestation law gmo free event new member lampert interviewread it amp signup to have it arrive direct in your
13,64 countries require gmo labeling unlike most developed countries us has no laws requiring gmolabeling
14,gmo vs organic food in short there no controversy over whether organic food is safe that it your body your choice labelgmos
15,is it true that gmo foods cause cancer gmo healthylifestyle healthyfood
16,reach your financial goals earlier by following the easy ways to get rid of your home loan faster and save money for more information visit us at homeloan homeloan houseloan emis finance gmo zeebusiness financegoals
17,keep eating glyphosate ridden gmos gmo sugar and highfructosecornsyrup is in all processed phoods it not food it chemical ladent tummy stuffers void of any nutrients and stuffed with synthetic vitamins yuck it organic homegrown or bust for me and my family
18,ingestion of roundup could disturb the normal gut bacterial community
19,smoking on this gas gmo
20,whole grains vs refined grains a virtual talk with jeanne jeanne surprenant schumacherregistration is live thursday jan 26 @ 500630 pm est zoom plantbased healthylifestyle healthyliving vegan gmo health plantbaseddiet
21,mexico has offered to extend a deadline to ban gmo corn until 2025 and is working on a proposal to overhaul its plan economy minister raquel buenrostro said on wednesday
22,gmo labeling is a matter of transparency and the right to know what in our food
23,the importance of washing fruits and vegetables  foodsafety gmo
24,the spread of gmo crops through contamination is a conscious and intentional strategy of the transnational seed corporations
25,billgates is obsessed with gmo depopulation and vaccines everybody who invests in this man is a suspect
26,billgates is obsessed with gmo depopulation and vaccines everybody who invests in this man is a serious suspect
27,are scientific researchers too influenced by corps asks jessfirger in newsweek it a great question gmo
28,the submission on bills5 from the is now on envi committee websiteit contains lots of thoughtful recs including on gmo salmonit unfortunate that assembly of first nations did not have opportunity to appear before the committee
29,what was the first genetically modified organism in the world quiztime sciencequiz sciencefacts scienceiscool gmo bioengineering
30,while the rate of deforestation and land conversion driven by the expansion of soy production 95 of it gmo in brazil has slowed the amazon amp cerrado continue to be cleared despite zerodeforestation commitments made by soy traders
31,they are relentless to make us dependent on drugs be vigilant with every detail in these times follow me for more gems lahoredapawaakhtarlawa jamaica javascript genshinlmpact geoengineering gmo wakeupeverybody nsfwtwt nftcommunity healthiswealth
32,will african use of gmo cut african farmers out of european exports markets is it the best to enhance farm productivity
33,please help me spread information about high fructose corn syrup and it detrimental effects on healthmatrix slavery hfcs fructose gmo corn
34,i think we still do have clarity on mexico antigmo stance says part of the job of his office and ers is to provide with info and data on how a total gmo ban could impact mexico consumers
35,gmo seeds push karke
36,what if you could use microbes as assembly lines for ecofriendly chemical production my research is turning gmo bacteria into smallscale factories for making the anticancer molecule violacein
37,tactic 2 coopting academica  monsanto amp other pesticide firms partnered with and paid universities and professors who in turn promoted and defended glyphosate and the gmo seeds designed to tolerate the herbicide many of these partnerships were not transparent to the public
38,let stop ge wild forests before they begingmo chestnut trees are going to be approved unless we stop it not enough testing consequences could be dire stop the gmo bigpharma juggernaut now
39,european scientific community is pushing to take out ngt from gmo nobel laureate jrroberts do share this point of view  the idea that one can get around the antigmo resistance by using crispr/cas9 as a replacement is very concerning to me
40,6 yrs later in 2022 we are coming to our senses amp getting clearer picture as who all were behind running this whole puppet showjust know it all connected agenda2030 cop27 elites wefpuppets demonetisation cbdc bitcoin ftxscam covidvaccine covid19 gmo cdc who
41,kenya tells bill gates we will not be used as guinea pigs keep gmo in americaglobalists gates gmo vaccines africa
42,we often hear that gmo breeding is quicker it can be but it often is two premier gm breeding programs in africa abs biofortified sorghum and virca plus disease resistant cassava both began in 2005 but are not yet ready for commercialization africa
43,it small family farmers that feed the world not agribiz susfoodtrust
44,what your mom did tell you about broccolimonsantoco gmo
45,india is the 2nd highest consumer of cottonseed oil the 3rd and following ranks the consumption falls of drastically  why are indians consuming so much of this gmo oil
46,we do need gmo jabal the new wheat scientists say can withstand extreme heat and drought  food  the guardian
47,he calls himself sanatani left all hindutwa behind pushing elites agenda2030 soon u will see how yogiadityanath will create policies in health/agriculture to force vaccine amp gmo seeds the endgame of poisoning soil ppl live stocks started at tax payers money covid19
48,time to blast for population control in africa and controlling food sources and turning everything into gmo
49,kenyan farmers grapple with pests and diseases after embracing gmo bt cotton
50,eu should take a look at some african countries and philippines  as well a metaanalysis of gmo found over 20 years no disadvantages instead a lot of good
51,amusing to see a dominant section of media lobbying hard for a junk variety of gm mustard they have already interviewed all kinds of biotechindustry supporters and written editorials would be surprised if they now run a full page interview of the gm seed co chief  gmo
52,the food and agriculture should be free for people gmo isnt for humans digitalagriculture is a construction that is controling foodproduction the farmers must fight for real food foodfreedom farmershasknowledge instrumentsofcontrol
53,viewpoint by gm droughttolerant crops here is one biotech innovation that only antigmo science rejectionists can demonize scicomm climatechange
54,hey is it gmo
55,gmo crops close ties between industry and academics raise concerns  yahoo news uk
56,what would you choose for your home loan requirements tell us in the comment section belowbasicloan homeloan homeloan houseloan emis finance gmo zeebusiness financegoals repayment loan advisory technology newhome fintech homeloantips bankhome
57,gmo vs organic food in short there no controversy over whether food is safe that it your body your choice labelgmos
58,they will always try to be a step ahead moving the goalposts whichever phrase same result follow me for more gems gmobioengineered fakefoods morocco lahoredapawaakhtarlawa jamaica javascript nsfwtwt nsfwtw nftcommunity btc
59,want to avoid hfcs aspartame transfats msg read the label want to avoid genetically modified gmo foods tough luck
60,did someone made big mistake by putting alien species with fish or is it gmo generic created hybrids igorkryan gmo hybrids jellyfish fish hybrid
61,did you know monsanto uses ur tax money to promote gmo overseas
62,these small whiteflies ca be controlled sprayed several times nature allows them to build resistance adapt mutate do see any problems with gmo plants that can resist will save tons of insecticides not going to into environment yesno
63,monsanto cience is the very definition of antiscience gmo
64,envi bills5 look before you leap should be principle for gmo in canada  we ca put genie back in bottle  hugh benevedes
65,they created 75 of all chronic disease  vandana shiva on big food via how the uk created famine in india billgates are the world biggest owner of farmland and seed gmo
66,there is a red line when it comes to nature  fix bills5 so we stop genetic pollution canada cdnpoli salmon gmo
67,weve missed the entire point about gmo food  a farmer explains why
68,forget gmothis is the only reason why cancerdiabetesstrokewere at 2 in the 80safrican should rethinkorganic gmo morocco africa
69,terrorism on our plates by crisp death gmo bangm bange
70,supported my favorite former running back fuckyeah gmo godawgs
71,gmo lettuce is completely unnecessary and these frankenfoods have the potential to irreparably damage the genetic integrity of lettuce and put organic growers out of business biopiracy gmo crispr geneediting frankenfood
72,india over 100 medical doctors call for halt to release of gmo mustard we report on the powerful letter in which the doctors warn of the dangers of gmos and the toxic effects of glufosinate
73,china to investigateillegal domestic gmo crops agriculture ministry via reuters
74,these companies oppose gmo labeling
75,the mandatory notification of gmo seeds on the market is necessary for organic farmers and many other farmers undisclosed gmo seeds are an economic amp trade risk
76,gmofree brands to replace smuckers
77,the risk of multiple crop failure due to climate change is very realbreeding must become more deterministic in terms of adaption if we are to avert food pricehikes hunger and social unrestfood climatechange agriculture plantbreeding adaptation breeding gmo
78,monsantoco planted gmo alfalfa before the usda approved it and the federal agency knew it all along
79,first opensource gmo to gain trust again
80,the massive use of toxic roundup herbicide on vast gmo herbicidetolerant monoculture crop fields stretching across north america is destroying fertile soils boycott roundup boycott gmosread reading 2011
81,responds to plans to allow yet more gmo weed killer linked and insectkilling crops into the uk food chain still time to have your say but be quick  consultation closes today
82,today gmo amp stakeholders amp have started a joint assessment of effectiveness amp efficiency of gbv service delivery in all isange one stop centers amp selected health centers in the country
83,eliminate all white supremes by advocating they eat a hearty breakfast of gmo kelloggs cornflakes waffles pancakes eat all you want guys
84,uncovered mexican study confirms gm soy causes harm to pancreas toxic gmo via
85,add your voice to those of organic farmers from across canada stop undisclosed gmo seeds send your seed packet letter to the ministers of agriculture and health today from noregulationnotrust
86,even the white house does use gmo in their personal garden
87,seed giants sue us farmers over gmo genetically modified seed patents in shocking numbers report
88,genedrive scientists sound alarm over supercharged gmo which could spread in the wild
89,kenyans express mixed reactions over lifting of gmo ban
90,food industry enlisted academics in gmo lobbying war emails show
91,at 38mins now i u/stand the guy i used to work a lot against gmo crops a study by a gmcritical aus scientist had just been published and an abc journalist was intending to do an interview the journalist manager received threats from gm company lobbyists
92,reminder to ampamp  new nafta does not oblate mexico to import gmo corn see full analysis of usmca end ampamp sp
93,billgates thinks world esp africa is his private lab and a place to reap profits regardless of effect gmo crops amp dodgy vaccines have on health of world esp african peoplebillgates unscrupulous exploiter not open handed philanthropist
94,gmos create hesitancies in exporting kenya horticultural produce to europe foodnews foodbusinessafrica foodindustry foodindustrynews gmo freshproduce
95,the pink bollworm is now a major pest on bt cotton in northern india as well as southern and central india this gmo cotton is meant to resist bollworms but has proved ineffective
96,farmers are sued when gmo seeds blow into their fields and grow
97,glyphosate could be an explanation for observed increase in levels of c botulinum associated diseases
98,watch our cofounder amp coo  kalyan josyula discuss the proprietary tech developed at basic growth of fintech in the indian home loan marketzeebusiness gmo basichomeloan advisory
99,monsanto is handling the us rejecting gmo products like a bad breakup send other ppl beg 4 evidence have proof thr betterlol
100,odd food for today thoughtwhy are many proven unhealthy chemicals allowed in the foodamp water over the last 30years on top of the gmo food witch add dangerous amounts of chemicals in your foodwhat does the fda really do 30years of studiesthen lie to people
101,since 2013 food amp biotech industries $pent $143 million in lobbying expenditures that mentioned gmo labeling
102,that amazing and thank you for doing that i concur folks should be left to starve if gmo was here to help feed the planet it a scam and did work
103,with gmo youre feeding your ass not yourself if you want to be less of an ass hole say no to gmo it pretty straightforward is there an option to eating non gmo shot answer no
104,check out all the latest gmo news in gmwatch daily digest subscribe for free here
105,agenda 2030 forced 90 reduction of the worlds populationdepopulationagenda depopulation bioweapon vaccines gmo chemtrails chemicals bigpharma wifi cellphones
106,farmers in the philippines cultivated goldenrice on a larger scale it will now be distributed to women amp children at risk of vitamina deficiency this is the first instance of a humanitarian project using a gmo crop to solve a major health issue ag
107,lidcontainer from green leaves launching soon 4change aid bp cleantech climate climatechange climateaction csr earthtweet eco energy cleanenergy environment econews foodjustice gmo green greenbiz greenjobs organic plastic
108,gmo strawberry why not welcome in usa
109,gmogmosviewpoint gm droughttolerant crops here is one biotech innovation that only antigmo science rejectionists can demonize via
110,new gmo alert move over synbio stevia there are new gmo sweeteners in towngmo synbiostevia sweeteners stevia
111,9 essential tools for the garden shed  diy gmofree
112,weedwhacking herbicide proves deadly to human cells gmo
113,just how bad are gmo read this article for what experts say about gmo and if theyre safe to consume gmo nutrition health
114,in this week organicandscience the science tells us that organic farming is way much better than the use of gmo to grow our food_theorganicguy organic organicfarming gmo
115,organic non gmo wildflower seeds gift the gift that keeps giving
116,technically gmo have no approval theyre deregulated makers just notify fda of their new possibly killer gmos
117,a warm welcome to new member orgs the fantastic and the smaller but also wonderful  never more important to stand together against govt plans to dismantle gmo safeguards
118,the peoples proclamation please add your name g20 who wef nationalsovereignty sovereigntyact vaccines gmo wethepeople wethenorth freedom donotcomply freespeech liberty biosecurity idschedule cbdcs wakeup
119,another antigmo paper retracted
120,happy to see more coverage on ag  climate in africa but this reads more like gmo crop cheerleading several factual errors should be addressed w/ several curious framings  omissions that warrant more discussion a brief thread climate ag development africa
121,you are not an environmentalist unless you are fighting gmo amp fighting mrna amp fighting gene editing amp fighting all these toxic drugs
122,gm crops sustainable alternative to improve food security in africamore than 90 african agricultural science experts from 25 national science academies have endorsed the adoption amp commercialization of genetically modified gm crops in africagmo
123,organic food is more expensive than gmo food gmo food is discounted because it contains chemicals which exploded bug stomachs p
124,what do you think about this or any gmo food would you eat itusda approves gmo purple tomato with brainboosting and cancerfighting properties
125,info on contamination of hawaii island papaya by gmo genetically engineered varieties
126,this has been known for years think about how many food products contain gmo corn what is it doing to us
127,this is a great chance for us come on join guys do forget to stay active growmineoperation gmo winwithgmo
128,if kenyans went to school and are rejecting gmo1 do they eat 28day old chicken2eggs laid by 3months old chickengmo
129,did you knowmonsantoco uses your tax money topromote gmo overseas
130,californian liberals perplex methey push for strict laws on genetically modified food gmo but silence debate on brand new genetic mrna technology  mandate its injection even into naturally immune people or children with strong natural immune systempfizer
131,1st dvm to interpret the gmo rat study
132,and we all know what gmo does to us no do need a study to tell us any different just look at what society has been dealing with healthwise since gmos startedeat organic โ€ผ
133,ive been called a shill for suggesting that biotechnology is a potential part of future food security but this is the first time that ive been called a trump supporter for pointing out that there are no gmo citrus commercially available dunningkruger
134,the shear nerve of these companies gmo poison
135,this is the most pesticideladen fruit you can buy
136,hmm wait do tell me youre a donaldtrump supporter are you hey how many of you actually drank the bleach if you think an orange without seeds is not a gmo product if you were a trumpsupporter i sir am officially making you onehere a message for ya
137,this has been known for years think about how many food products contain gmo corn what is it doing to us
138,rats fed gmo corn and traces of roundup suffered severe organ damage including liver damage and kidney damage
139,right know in many governments they beat the drums of war to distract people to see the big ponzi in the financial market based on fiat debt to cover the misleading in covid and to cover the imperialism to expand to use gmo and biolabs in ukraine and so on satoshin
140,there are no gmo oranges or any citrus currently in production youve been lied to and im sorry for that but lots of people are pushing an agenda of disinformation citrus is all traditionally bred with a little help from mutation breeding for seedlessness
141,ukrainian population is disposable let take monsanto  if they own all the land they do need 1000s of little farmers and their families when they can demolish the bldgs and plow it up for planting gmo crops
142,nobody wants gmo except the bioterrorists trying to patent genes and sell carcinogensconservativescantgovernpollutionindustry sciencedenialtrickledownneverworks
143,that okay ill pass on the gmo fruit those oranges do have seeds in them youre basically eating garbage
144,a prominent amp influential gmo supporter @ harvard shown to collaborate closely with monsanto
145,a growing number of farmers are focusing on practices to build soil health because of those practices regenerative farmers find they no longer need the gmo seeds and they are also able to slash their use of chemical pesticides and fertilizers
146,billgates gmo kenyashove your seeds up your pale butt leave africa out
147,critics call it a killer scientists say it our future but what does the public call it who can we trustas consumers we must make that decision for ourselves not listen to the chainofcommand read the thread below to know the truthgmo gmodebate genetics
148,studies show gmo pesticides herbicides are allergenic
149,what monsantoco does want you to knowmonsanto dirty dozen
150,from @ cbsnews us wanted trade war over gmo crops
151,long term study on female mice fed gmo soybean diet effects on liver aging
152,today wakeandbake brought to you in part by a new strain for me called pineappleburst  bestbuds  bongrips  stayhigh and michiganworkz  gmo  grapepapaya  rosin mmemberville 420community stonerfam weedlovers weedlife fourtwenty 4twenty four20 42o
153,we had similar response in focus groups in italy if you ask people what are the main food risks no one cite gmoonly if you show them a list of risks they rate them as such but not with an high rank
154,monsanto will stop mankind gmo
155,articles amp studies on gmo
156,nongmo cover crop seedsyellow sweet clover seed inoculated 10 pounds
157,monsantoco was not harmed during the production of these tweets however some folks changed their minds about ingesting gmo
158,organic non gmo cat amp dog food pets are family too
159,the most grievous mistake is making is to let gm mustard be grown in india the implications could be disastrous stop it  gmo poison bayer
160,how many longterm studies on female mice fed gmo soybeans have you seen effects on liver aging
161,pil challenges lack of action by india environment amp biodiversity regulatory authorities agt biopiracy by monsanto et al in promoting bt brinjal india first gmo food amp regulatory failures in conserving biodiversityenvironment support group
162,organic lavender calendula cream by mortarpestleperfume solar infused nongmo
163,did you know that bananas smell sweet if you microwave them at midnight gmo
164,luv to see the oilgang throwing down dabs together on a shatterday i got a nice dab of gmo diamonds to add to the thread cheers fam
165,nitrogen fixation notill amp weed suppresionwhite dutch clover seed untreated nongmo 10 pounds
166,i love this woman awareness and knowledge food gmo billgates
167,argentines link health problems to agrochemicals gmo
168,for gmo labeling advocates it does get much darker than this great piece via careygillam
169,so specialk cereal is a gmo and is banned in most other countries
170,suredo come sirbut ill be therei died long time agogmo
171,did you know that lego bricks taste sour if you boil them on your birthday gmo
172,monsanto gmo safety test assures 1/2 suffer kidney amp liver disease in under 90 days
173,2/ mexico will allow imports of gmo yellow corn for animal feed over the next two years while the government studies whether the practice can harm human health he said
174,gmofree brands easily replace smuckers
175,in life as in cricket always hit it for six glysophate gmo
176,the puppetmasters of academia or what the ny times left out  monsanto gmo
177,gmo backlash threatens beet farmers as food makers swap sugars
178,we love seeing projects like this come to life great work to bkbaun and for getting this commercial project at gm done seriesโ€ general motors in oshawa unilock commercialproject gmo architecture designer hardscape
179,imagine pakistan being more vigilant against the gmo and india trying to give a way in to the life threatening gmo foods ban gm mustard
180,are gmo safe for human consumptioncc let discuss agro mindscrop gurus enlighten us agtwitter agri gmo
181,evidence of digestive harm 2 animals fed gmo
182,genes may be transferred between organisms more easily than we previously thought  gmo gmolabeling
183,today wakeandbake brought to you in part by a new strain of bud for me losmuertos10  bestbuds  bongrips  stayhigh and michiganworkz  gmo  grapepapaya  rosin mmemberville 420community stonerfam weedlovers weedlife fourtwenty 4twenty four20 42o
184,gmo industry does want you to see this video via usrighttoknow
185,gmo jitters hit kenya horticulture exports to europe buyers are raising concerns over lifting of gmo ban
186,insecticides modified into gmo corn are being detected in streams up to 500 meters away how long will we stand for this
187,there are no longterm studies into the safety of gmo there are however longterm studies on organic food it called history
188,many alternatives to importing gmo yellow corn from the usdeputy agriculture minister mexico to ban gmo corn in 2024 aims to phase out genetically modified corn and herbicide glyphosate freeing farmers from monsanto monopoly on farming
189,the only dvm to interpret the gmo rat study
190,permaculture the development of organic agricultural ecosystems intended to be sustainable amp selfsufficient
191,american foods that are banned in other countries via food cancer wellness diet health nutrition healthylifestyle banned bannedfoods gmo endocrine healthylifestyle healthylife
192,genetically modified humans gmo organic humans vaccinesideeffects
193,tai cites corn export issue as corn growers stress white corn  the hagstrom report mexico gmo gmocorn amlo agexports
194,monsanto weed killer roundupfaces new doubts on safety inunsealed 2017 documents
195,why does monsantoco seem to attract all the mentally unstable science people gmo
196,mexico ban on genetically modified corn to be addressed at north american leaders summitgm corn gmban gmo bigag mexico us usmca
197,but do mention ivermectin real science does involve politics veterinarians nonpharma solutions threaten trillionaires covidtoxic gmo inserted humans replicating in blood athletes md fallingdead labrats proof nonsense similar humans
198,in africa the food systems must be intensified by increased use of agricultural extension complete mineral fertilizer irrigation mechanisation pesticides and improved  including  gmo varieties /3
199,excellent letter from 40 farmer leaders to modi warning him gmo mustard wo bring any economic benefits to farmers but will contaminate our rich heritage of mustard diversity amp damage the livelihoods of mustard farmers organic farmers amp beekeepers
200,weekly roundup 11march2022 glysophate gmo
201,battery electric vehicles bevs are significantly cheaper to run than petrol/diesel cars because their motors have so few moving parts maintenance costs are also low avoid buying garbage gmo
202,you should ask philip scott of if you can be a guest on his show to appeal to kenyans and africans regarding the evils of gmo also ask and kimberly of  also
203,monsanto did their owngmo safety testassures 50 suffer kidney amp liver diseasein under 90 days
204,may well be so but unless you fully embrace the potential provided by gmo genomeediting and recognise the need for increased use of complete mineral fertilizer in africa then youre only making a marginal contribution to solving the ravaging foodcrisis
205,the accelerators for agricultural transformation are well known and have been globally available for a century agricultural extension complete mineral fertilizer irrigation mechanisation pesticides and improved  now including  gmo and genomeediting varieties
206,learn why gmo labeling matters joel salatin explains to junestoyer why folks this ai normal theorganicview
207,let me expand{ like corn is rich in carbohydrate it can be chemically altered fuel and plasticsgmo starch carbsnotgood42and ii personally only like tasteful and subtle drama with hints2stimulate my mindwhtwr go2 freespeach not soapoperas24/7 omg memes meme
208,90 years after the holodomor genocide in ukraine today wilful ignorance and rejection of the potential provided by gmo  genomeediting as well as of the need for increased use of complete mineral fertilizer starve millions in africa to death ~ foodcrisis
209,a collection of msm amp scholarly gmo articles
210,our best episode yetgmo trade war with mexicoair pollution and child development biden new offshore oil temrinalfda approved lab meatgmo airpollution oil climatecrisis fda
211,science misinformation on gmos reaches quarter of a billion people study suggests ontag westcdnag gmo
212,misinformation on gmo undermine efforts to advance agricultural sustainability and foodsecurity in africa and worldwide as they prevent the use of this valuable technology
213,food can be medicine or poison your body your choice gmo
214,this is significant can one or both combine to do an early assessment afronomicslaw will publish quite separately i have been thinking aloud about the relevance of this phytosanitary protocol in light of the kenya gmo saga
215,a good example of the fundamental antidevelopment mindset of the gmo opponents
216,scientists claim new gm mustard causes cancer in humans gmo via
217,high time for africa to end it submission to the former colonial masters irrational rejection of gmo and genomeediting a submission that very well may have claimed more lives than all the wars of liberation foodcrisis endhunger
218,glyphosate poisoningfrom 287fl oz gmo pubmed
219,whatever their role may be they as should be expected have views on the gmo debate
220,in a landmark shift finland green party unanimously adopted a positive stance on genetic engineering in agriculture finnish green party are showing that green parties can make science based decisions they are also pronucleargmogmos
221,wow even foxnews says toeat organic amp avoid gmo
222,to our statement condemning the lifting of the ban on gmo kindly read
223,in 2006 it was discovered that 30 of the entire us longgrain rice supply had become contaminated by experimental gmo rice varieties
224,genetically modified crops possessing genes from different species could possibly relieve africa food insecurity and improve livelihoodsclick the link below for more information farmers smartfarmer gmo kenya africa news
225,vets amp farmers show evidence of digestive harm 2 animals fed gmo
226,help your local pollinators amp fight biotech with nongmo seed bombs
227,looks like billygates aliwaacha kwa mataa he apparently withdrew his financial support could it be related to the gmo debate did they promise amp fail to motivate adoption of gmo in africa talk of the piper the payer amp the tune not yet uhuru oo
228,ace hardware true value urged to drop pesticides said to hurt bees gmo
229,but on the other hand the gmo industry is willing to provide unlimited funding for modi brand of nazism in indiaconservativescantgovernconservative failedagendatrickledownneverworks
230,gmo labeling is pretty simple but the food industrial complex knows theyll lose money when some not all consumers choose nongmo
231,genetically modified mustard will lead to irreversible contamination  activists urge supreme court to apply precautionary principlestopgmo gmo monsanto foodcrisis depopulationagenda crimesagainsthumanity
232,we quantitatively assess the phenomenon of misinformation on genetically modified crops and food in the mainstream and online news media over a twoyear period [] none of the misinformation was positive in sentiment most was negative gmo
233,weedwhacking herbicide proves deadly to human cells
234,previously on 1000 ways to die in kenyagmo gmofoods moseskuria
235,stakeholders endorse use of gmo technology to enhance cowpea production via
236,food industry enlisted academics in gmo lobbying war emails show
237,say no to gmo food
238,monsantoco genetic engineering perfect day for a bananafish gmo
239,roundup cancer links cited in new study gmo
240,according to the alliance of natural health the grandchildren of rats fed gmo corn were born sterile
241,gmo poison pushers
242,gmo chestnut trees  wtaf old white men need more moneyfrankenfoodmadnessgmo nature organic permaculture naturephotography organicfarming
243,kenya says no we are guinea pigs to amp his gmo
244,seralini team wins defamation and forgery court cases on gmo and pesticide research
245,very true and people experience dramatic health improvements when they stop eating gmos health
246,numerous studies have linked gmo foods with several types of cancer toxicity to human cells allergies and autoimmune diseases
247,the gmo deception is in fact deceptive
248,what big food is hiding with it slick pr campaign gmo
249,africa gmo do not trust billgatesbioterrorist billgates or the uniteds of murica do not let them in amp deal with them strongly when they try to sneak in steathily trust me they are going to try
250,that new chestnut usda plans to allow the release of gmo trees into wild forests
251,of gmo salmon increases significantly as $300 million farm in ohio takes center stage gmo roundup
